Name,Team,Number,Runs,Average,StrikeRate,Wickets,Color,Photo
Virat Kohli,India,18,765,95.6,90.3,0,#0055a5,
Jasprit Bumrah,India,93,12,6.0,65.0,20,#0055a5,
Rohit Sharma,India,45,597,54.2,125.9,0,#0055a5,
Ben Stokes,England,55,404,44.8,98.4,8,#cf102d,
Travis Head,Australia,62,548,52.3,112.5,2,#00843d,
Heinrich Klaasen,South Africa,45,373,46.6,133.2,0,#007a4d,
Rashid Khan,Afghanistan,19,105,17.5,120.4,18,#002b7f,
Pat Cummins,Australia,30,128,18.2,85.3,15,#00843d,
Mitchell Starc,Australia,56,87,14.5,78.2,16,#00843d,
KL Rahul,India,1,452,75.3,90.7,0,#0055a5,
