Name,Team,Number,Goals,Assists,Rating,TopSpeed,Color,Photo
Kylian Mbappé,Real Madrid,9,18,7,8.9,36.2 km/h,#d4af37,https://images.unsplash.com/photo-1508098682722-e99c43a406b2?w=400&auto=format&fit=crop&q=80
Erling Haaland,Manchester City,9,27,5,9.2,34.8 km/h,#6cabdd,
Jude Bellingham,Real Madrid,5,14,10,8.7,32.5 km/h,#d4af37,
Lamine Yamal,FC Barcelona,19,7,12,8.8,33.1 km/h,#a50044,
Kevin De Bruyne,Manchester City,17,6,18,8.6,31.4 km/h,#6cabdd,
Vinícius Júnior,Real Madrid,7,16,11,9.0,35.9 km/h,#d4af37,
Bukayo Saka,Arsenal,7,14,13,8.7,33.8 km/h,#ef0107,
Mohamed Salah,Liverpool,11,19,10,8.9,34.5 km/h,#c8102e,
Harry Kane,Bayern Munich,9,29,8,9.1,31.8 km/h,#dc052d,
Rodri,Manchester City,16,8,9,9.1,31.2 km/h,#6cabdd,
